{
  "en": {
    "choose_lang": "🌍 Please choose your language:",
    "welcome": "{name} Welcome to Rental Bot!\n\n📱 +888 Numbers — Instant, Private & Secure\n\n✨ What you get:\n  • 🔐 Anonymous & Secure rentals\n  • 📩 Get codes anytime – fast & reliable\n  • 💵 Instant Payment in USDT @send\n  • ♻️ Instant Renewal – never lose your number\n\n🚀 Your digital number, always online, always yours.\n⬇️ Pick a rent option & start now!",
    "rent": "📞 Rent",
    "my_rentals": "🛒 My Rentals",
    "profile": "👤 Profile",
    "help": "❓ Help",
    "help_text": "❓ **Help & Support**\n\n1. To rent a number, click on the '📞 Rent' button and follow the instructions.\n2. To view or manage your rentals, click on '💳 My Rentals'.\n3. To add balance, go to '👤 Profile' and click '➕ Add Balance'.\n4. For further assistance, contact support.",
    "no_rentals": "__👉 No rented numbers yet — grab one today!__",
    "your_rentals": "📅 • Track your numbers rental dates\n\n📲 • Get code for a number\n   (click on number → choose number → you will see the option to get code)\n\n♻️ • Renew in advance\n   (select number → click on renew → done within a second!)\n\n⬇️ select the number and renew , get code etc.",
    "number": "📞 **Number:** `{num}`\n⏳ **Time Left:** {time}\n🕒 **Rented On:** {date}",
    "renew": "🔄 Renew",
    "get_code": "📨 Get Code",
    "back": "⬅️ Back",
    "profile_text": "👤 **Your Profile**\n\n🆔 User ID: `{id}`\n👤 First Name: {fname}\n🔗 Username: {uname}\n💰 Balance: **{bal} USDT**\n💳 Payment Method: {payment_method}",
    "add_balance": "➕ Add Balance",
    "pay_now": "💳 Pay Now",
    "i_paid": "✅ I've Paid",
    "payment_pending": "💳 Please pay **{amount} USDT** via CryptoBot\n\n📌 Invoice ID: `{inv}`\n⚠️ Expires in 1 hour.\n\nAfter payment, click the button below",
    "payment_confirmed": "✅ **Payment confirmed! Your balance has been updated.**",
    "payment_not_found": "❌ Payment not found or not paid yet.",
    "language": "🌐 Language",
    "choose_number": "📞 Choose a number:\n🟢 - Available\n🔴 - Not Available",
    "next": "Next ➡️",
    "user": "User ID",
    "hours": "Hours",
    "date": "Date",
    "available": "Available",
    "rent_now": "Rent Now",
    "unavailable": "Unavailable",
    "no_info": "Number info not found",
    "pnumber": "**Number**",
    "back_home": "🏠 Back to Home",
    "30d_rate": "30 Days - {rate} USDT",
    "60d_rate": "60 Days - {rate} USDT",
    "90d_rate": "90 Days - {rate} USDT",
    "error_occurred": "❌ An error occurred. Please try again later.",
    "insufficient_balance": "❌ Insufficient balance. Please add funds to your account.",
    "rental_success": "✅ You have successfully rented the number \n\nNumber: `{number}` \nDuration: **{duration}** \nPrice: **{price} USDT**.\n\n💰 Your new balance is **{balance} USDT**.",
    "confirm_rent": "✅ Confirm Rent for `{number}` for {days} days at {price} USDT?",
    "contact_support": "📞 Contact Support",
    "choose_renew": "📅 Choose Renewal Period for `{number}`:",
    "days": "Days",
    "confirm": "✅ Confirm",
    "cancel": "❌ Cancel",
    "accept": "✅ Accept",
    "decline": "❌ Decline",
    "rules": "📜 Rules:\n{rules}",
    "expired_notify": "⏰ Your rented number `{number}` has expired and been removed from your account.\n\nTo rent again, use /start -> Rent.",
    "expire_soon": "⚠️ Reminder: **Your rented number will expire soon.**\n\nNumber: `{number}`\nExpires in: **{remaining_days}**\n\n__Please renew or disconnect the number from your account on time to avoid deletion.__",
    "getting_code": "⏳ Getting code",
    "here_is_code": "📨 Your code: `{code}`\n\n__👉 Click on Code It will be copied.__",
    "no_code": "❌ there is no code",
    "restricted_notify": "⚠️ Your rented number `{number}` has been restricted by Telegram and you have {days} days to fix it by contacting @SpamBot and following the instructions.\n\nIf not fixed within 3 days, the number will be removed from your account.",
    "choose_payment_method": "🌐 Please choose your preferred payment method:",
    "selected_payment_method": "✅ You have selected {method} as your payment method.",
    "enter_amount": "💰 Enter the amount in **USDT** you want to add (within 120s):",
    "pay_amount": "💳 Please pay **{amount} USDT** to the following address:\n\n`{address}`\n\n⚠️ Make sure to send the exact amount to avoid payment issues.\n\nAfter payment, click the button below",
    "transaction_id": "💳 Please enter your transaction ID (within 120s):",
    "tx_id_invalid": "❌ Invalid transaction ID or Transaction record does not match",
    "tx_id_already_used": "❌ This transaction ID has already been used.",
    "change_payment_method": "🔄 Change Payment Method"
  },
  "ru": {
    "choose_lang": "🌍 Пожалуйста, выберите язык:",
    "welcome": "{name} Добро пожаловать в Rental Bot!\n\n📱 +888 Номера — Мгновенно, Приватно и Безопасно\n\n✨ Что вы получаете:\n  • 🔐 Анонимная и безопасная аренда\n  • 📩 Получайте коды в любое время – быстро и надежно\n  • 💵 Мгновенная оплата в USDT @send\n  • ♻️ Мгновичное продление – никогда не теряйте свой номер\n\n🚀 Ваш цифровой номер всегда онлайн, всегда ваш.\n⬇️ Выберите вариант аренды и начните прямо сейчас!",
    "rent": "📞 Арендовать",
    "my_rentals": "🛒 Мои аренды",
    "profile": "👤 Профиль",
    "help": "❓ Помощь",
    "help_text": "❓ **Помощь и поддержка**\n\n1. Чтобы арендовать номер, нажмите '📞 Арендовать'.\n2. Чтобы управлять номерами, нажмите '💳 Мои аренды'.\n3. Чтобы пополнить баланс, откройте '👤 Профиль'.\n4. Для поддержки свяжитесь с админом.",
    "no_rentals": "__👉 Активных аренд нет — арендуйте номер сегодня!__",
    "your_rentals": "📅 • Отслеживайте даты аренды ваших номеров\n\n📲 • Получите код для номера\n   (нажмите на номер → выберите номер → вы увидите опцию получить код)\n\n♻️ • Продлите заранее\n   (выберите номер → нажмите на продлить → сделано за секунду!)\n\n⬇️ выберите номер и продлите, получите код и т.д.",
    "number": "📞 **Номер:** `{num}`\n⏳ **Оставшееся время:** {time}\n🕒 **Дата аренды:** {date}",
    "renew": "🔄 Продлить",
    "get_code": "📨 Получить код",
    "back": "⬅️ Назад",
    "profile_text": "👤 **Ваш профиль**\n\n🆔 ID: `{id}`\n👤 Имя: {fname}\n🔗 Username: {uname}\n💰 Баланс: **{bal} USDT**\n💳 Способ оплаты: {payment_method}",
    "add_balance": "➕ Пополнить баланс",
    "pay_now": "💳 Оплатить",
    "i_paid": "✅ Я оплатил",
    "payment_pending": "💳 Пожалуйста, оплатите **{amount} USDT** через CryptoBot\n\n📌 ID счета: `{inv}`\n⚠️ Срок действия — 1 час.\n\nПосле оплаты нажмите кнопку ниже",
    "payment_confirmed": "✅ **Оплата подтверждена! Баланс обновлен.**",
    "payment_not_found": "❌ Оплата не найдена или не завершена.",
    "language": "🌐 Язык",
    "choose_number": "📞 Выберите номер:\n🟢 - Доступен\n🔴 - Недоступен",
    "next": "Далее ➡️",
    "user": "Пользователь",
    "hours": "Часы",
    "date": "Дата",
    "available": "Доступен",
    "rent_now": "Арендовать",
    "unavailable": "Недоступен",
    "no_info": "Информация о номере не найдена",
    "pnumber": "**Номер:**",
    "back_home": "🏠 Вернуться домой",
    "30d_rate": "30 дней - {rate} USDT",
    "60d_rate": "60 дней - {rate} USDT",
    "90d_rate": "90 дней - {rate} USDT",
    "error_occurred": "❌ Произошла ошибка. Пожалуйста, попробуйте позже.",
    "insufficient_balance": "❌ Недостаточно средств. Пожалуйста, пополните баланс.",
    "rental_success": "✅ Вы успешно арендовали номер \n\nНомер: `{number}` \nСрок: **{duration}** \nЦена: **{price} USDT**.\n\n💰 Ваш новый баланс: **{balance} USDT**.",
    "confirm_rent": "✅ Подтвердить аренду `{number}` на {days} дней за {price} USDT?",
    "contact_support": "📞 Связаться с поддержкой",
    "choose_renew": "📅 Выберите период продления для `{number}`:",
    "days": "Дни",
    "confirm": "✅ Подтвердить",
    "cancel": "❌ Отмена",
    "accept": "✅ Принять",
    "decline": "❌ Отклонить",
    "rules": "📜 Правила:\n{rules}",
    "expired_notify": "⏰ Ваш арендованный номер `{number}` истек и был удален из вашего аккаунта.\n\nЧтобы арендовать снова, используйте /start -> Арендовать.",
    "expire_soon": "⚠️ Напоминание: **Срок аренды вашего номера скоро истекает.**\n\nНомер: `{number}`\nИстекает через: **{remaining_days}**\n\n__Пожалуйста, продлите или отключите номер вовремя, чтобы избежать удаления.__",
    "getting_code": "⏳ Получение кода",
    "here_is_code": "📨 Вот ваш код для `{number}`:\n\n`{code}`\n\n⚠️ __Не делитесь им ни с кем__",
    "no_code": "❌ Код не найден или уже получен.",
    "restricted_notify": "⚠️ Ваш арендованный номер `{number}` был ограничен Telegram, и у вас есть {days} дня, чтобы исправить это, связавшись с @SpamBot и следуя инструкциям.\n\nЕсли не исправить в течение 3 дней, номер будет удален из вашего аккаунта.",
    "choose_payment_method": "🌐 Пожалуйста, выберите предпочитаемый способ оплаты:",
    "selected_payment_method": "✅ Вы выбрали {method} в качестве способа оплаты.",
    "enter_amount": "💰 Введите сумму в **USDT**, которую вы хотите добавить (в течение 120 секунд):",
    "pay_amount": "💳 Пожалуйста, оплатите **{amount} USDT** на следующий адрес:\n\n`{address}`\n\n⚠️ Убедитесь, что отправляете точную сумму, чтобы избежать проблем с оплатой.\n\nПосле оплаты нажмите кнопку ниже",
    "transaction_id": "💳 Пожалуйста, введите ваш ID транзакции (в течение 120 секунд):",
    "tx_id_invalid": "❌ Неверный ID транзакции или запись транзакции не совпадает.",
    "tx_id_already_used": "❌ Этот ID транзакции уже был использован.",
    "change_payment_method": "🔄 Изменить способ оплаты"
  },
  "ko": {
    "choose_lang": "🌍 언어를 선택하세요:",
    "welcome": "{name} Rental Bot에 오신 것을 환영합니다!\n\n📱 +888 번호 — 즉시, 비공개 & 안전하게\n\n✨ 제공 서비스:\n  • 🔐 익명 & 안전한 임대\n  • 📩 언제든지 코드 수신 – 빠르고 신뢰성 있게\n  • 💵 USDT @send 즉시 결제\n  • ♻️ 즉시 갱신 – 번호를 잃지 마세요\n\n🚀 당신의 디지털 번호, 항상 온라인, 항상 당신의 것.\n⬇️ 대여 옵션을 선택하고 지금 시작하세요!",
    "rent": "📞 대여",
    "my_rentals": "🛒 내 대여",
    "profile": "👤 프로필",
    "help": "❓ 도움말",
    "help_text": "❓ **도움말 & 지원**\n\n1. '📞 대여' 버튼으로 번호를 대여하세요.\n2. '💳 내 대여'에서 확인하세요.\n3. '👤 프로필'에서 잔액을 충전하세요.\n4. 추가 지원은 관리자에게 문의하세요.",
    "no_rentals": "__👉 아직 대여한 번호가 없습니다 — 오늘 바로 대여하세요!__",
    "your_rentals": "📅 • 번호 대여 날짜 추적\n\n📲 • 번호 코드 받기\n   (번호 클릭 → 번호 선택 → 코드 받기 옵션 확인)\n\n♻️ • 미리 갱신하기\n   (번호 선택 → 갱신 클릭 → 1초 내 완료!)\n\n⬇️ 번호를 선택하고 갱신, 코드 받기 등을 진행하세요.",
    "number": "📞 **번호:** `{num}`\n⏳ **남은 시간:** {time}\n🕒 **대여일:** {date}",
    "renew": "🔄 연장",
    "get_code": "📨 코드 받기",
    "back": "⬅️ 뒤로",
    "profile_text": "👤 **내 프로필**\n\n🆔 ID: `{id}`\n👤 이름: {fname}\n🔗 Username: {uname}\n💰 잔액: **{bal} USDT**\n💳 결제 방법: {payment_method}",
    "add_balance": "➕ 잔액 추가",
    "pay_now": "💳 결제하기",
    "i_paid": "✅ 결제 완료",
    "payment_pending": "💳 **{amount} USDT**를 CryptoBot으로 결제하세요\n\n📌 청구 ID: `{inv}`\n⚠️ 1시간 후 만료됩니다.\n\n결제 후 아래 버튼을 누르세요",
    "payment_confirmed": "✅ **결제가 확인되었습니다! 잔액이 업데이트되었습니다.**",
    "payment_not_found": "❌ 결제가 확인되지 않았습니다.",
    "language": "🌐 언어",
    "choose_number": "📞 번호를 선택하세요:\n🟢 - 사용 가능\n🔴 - 사용 불가",
    "next": "다음 ➡️",
    "user": "사용자 ID",
    "hours": "시간",
    "date": "날짜",
    "available": "사용 가능",
    "rent_now": "지금 대여",
    "unavailable": "사용 불가",
    "no_info": "번호 정보를 찾을 수 없습니다",
    "pnumber": "**번호:**",
    "back_home": "🏠 홈으로 돌아가기",
    "30d_rate": "30일 - {rate} USDT",
    "60d_rate": "60일 - {rate} USDT",
    "90d_rate": "90일 - {rate} USDT",
    "error_occurred": "❌ 오류가 발생했습니다. 나중에 다시 시도하세요.",
    "insufficient_balance": "❌ 잔액이 부족합니다. 계정에 자금을 추가하세요.",
    "rental_success": "✅ 번호 \n\n번호: `{number}` \n기간: **{duration}** \n가격: **{price} USDT**.\n\n💰 새 잔액은 **{balance} USDT**입니다.",
    "confirm_rent": "✅ `{number}`을(를) {days} 일 동안 {price} USDT에 대여하시겠습니까?",
    "contact_support": "📞 지원팀에 문의",
    "choose_renew": "📅 갱신 기간 선택: `{number}`",
    "days": "일",
    "confirm": "✅ 확인",
    "cancel": "❌ 취소",
    "accept": "✅ 수락",
    "decline": "❌ 거절",
    "rules": "📜 규칙:\n{rules}",
    "expired_notify": "⏰ 대여한 번호 `{number}`의 기간이 만료되어 계정에서 제거되었습니다.\n\n다시 대여하려면 /start -> 대여를 사용하세요.",
    "expire_soon": "⚠️ 알림: **대여한 번호의 기간이 곧 만료됩니다.**\n\n번호: `{number}`\n만료까지: **{remaining_days}**\n\n__삭제를 피하려면 제때 번호를 갱신하거나 계정에서 연결을 끊으세요.__",
    "getting_code": "⏳ 코드 받는 중",
    "here_is_code": "📨 `{number}`의 코드입니다:\n\n`{code}`\n\n⚠️ __다른 사람과 공유하지 마세요__",
    "no_code": "❌ 코드를 찾을 수 없거나 이미 받았습니다.",
    "restricted_notify": "⚠️ 대여한 번호 `{number}`가 Telegram에 의해 제한되었으며 @SpamBot에 연락하여 지침을 따르면 {days}일 이내에 해결할 수 있습니다.\n\n{days}일 이내에 해결하지 않으면 번호가 계정에서 제거됩니다.",
    "choose_payment_method": "🌐 선호하는 결제 방법을 선택하세요:",
    "selected_payment_method": "✅ {method}를 결제 방법으로 선택했습니다.",
    "enter_amount": "💰 추가할 **USDT** 금액을 입력하세요 (120초 이내):",
    "pay_amount": "💳 다음 주소로 **{amount} USDT**를 결제하세요:\n\n`{address}`\n\n⚠️ 결제 문제를 피하려면 정확한 금액을 보내세요.\n\n결제 후 아래 버튼을 누르세요",
    "transaction_id": "💳 거래 ID를 입력하세요 (120초 이내):",
    "tx_id_invalid": "❌ 잘못된 거래 ID 또는 거래 기록이 일치하지 않습니다.",
    "tx_id_already_used": "❌ 이 거래 ID는 이미 사용되었습니다.",
    "change_payment_method": "🔄 결제 방법 변경"
  },
  "zh": {
    "choose_lang": "🌍 请选择语言:",
    "welcome": "{name} 欢迎使用 Rental Bot！\n\n📱 +888 号码 — 即时、私密且安全\n\n✨ 您将获得：\n  • 🔐 匿名 & 安全租用\n  • 📩 随时接收验证码 – 快速可靠\n  • 💵 USDT @send 即时支付\n  • ♻️ 即时续租 – 永不丢失您的号码\n\n🚀 您的数字号码，始终在线，始终属于您。\n⬇️ 选择租用方案并立即开始！",
    "rent": "📞 租用",
    "my_rentals": "🛒 我的租赁",
    "profile": "👤 个人资料",
    "help": "❓ 帮助",
    "help_text": "❓ **帮助与支持**\n\n1. 点击 '📞 租用' 租号码。\n2. 点击 '💳 我的租赁' 查看。\n3. 在 '👤 个人资料' 添加余额。\n4. 如需支持，请联系管理员。",
    "no_rentals": "__👉 还没有租用的号码 — 今天就租一个吧！__",
    "your_rentals": "📅 • 跟踪您的号码租赁日期\n\n📲 • 获取号码验证码\n   (点击号码 → 选择号码 → 您将看到获取验证码的选项)\n\n♻️ • 提前续租\n   (选择号码 → 点击续租 → 秒内完成!)\n\n⬇️ 选择号码并续租、获取验证码等。",
    "number": "📞 **号码:** `{num}`\n⏳ **剩余时间:** {time}\n🕒 **租赁日期:** {date}",
    "renew": "🔄 续租",
    "get_code": "📨 获取验证码",
    "back": "⬅️ 返回",
    "profile_text": "👤 **个人资料**\n\n🆔 用户ID: `{id}`\n👤 姓名: {fname}\n🔗 Username: {uname}\n💰 余额: **{bal} USDT**\n💳 支付方式: {payment_method}",
    "add_balance": "➕ 添加余额",
    "pay_now": "💳 立即支付",
    "i_paid": "✅ 我已支付",
    "payment_pending": "💳 请通过 CryptoBot 支付 **{amount} USDT**\n\n📌 账单 ID: `{inv}`\n⚠️ 有效期 1 小时。\n\n支付后点击下方按钮",
    "payment_confirmed": "✅ **支付已确认！余额已更新。**",
    "payment_not_found": "❌ 未找到支付或未完成支付。",
    "language": "🌐 语言",
    "choose_number": "📞 选择号码：\n🟢 - 可用\n🔴 - 不可用",
    "next": "下一步 ➡️",
    "user": "用户ID",
    "hours": "小时",
    "date": "日期",
    "available": "可用",
    "rent_now": "立即租用",
    "unavailable": "不可用",
    "no_info": "未找到号码信息",
    "pnumber": "**号码:**",
    "back_home": "🏠 返回首页",
    "30d_rate": "30天 - {rate} USDT",
    "60d_rate": "60天 - {rate} USDT",
    "90d_rate": "90天 - {rate} USDT",
    "error_occurred": "❌ 发生错误。请稍后再试。",
    "insufficient_balance": "❌ 余额不足。请为您的账户添加资金。",
    "rental_success": "✅ 您已成功租用号码 \n\n号码: `{number}` \n租期: **{duration}** \n价格: **{price} USDT**。\n\n💰 您的新余额为 **{balance} USDT**。",
    "confirm_rent": "✅ 确认以 {price} USDT 租用 `{number}` {days} 天？",
    "contact_support": "📞 联系支持",
    "choose_renew": "📅 选择续租期限：`{number}`",
    "days": "天",
    "confirm": "✅ 确认",
    "cancel": "❌ 取消",
    "accept": "✅ 接受",
    "decline": "❌ 拒绝",
    "rules": "📜 规则:\n{rules}",
    "expired_notify": "⏰ 您租用的号码 `{number}` 已过期并从您的账户中删除。\n\n要重新租用，请使用 /start -> 租用。",
    "expire_soon": "⚠️ 提醒: **您租用的号码即将过期。**\n\n号码: `{number}`\n过期时间: **{remaining_days}**\n\n__请及时续租或从您的账户中断开号码以避免删除。__",
    "getting_code": "⏳ 获取验证码中",
    "here_is_code": "📨 这是您 `{number}` 的验证码:\n\n`{code}`\n\n⚠️ __请勿与任何人分享__",
    "no_code": "❌ 未找到验证码或已被获取。",
    "restricted_notify": "⚠️ 您租用的号码 `{number}` 已被 Telegram 限制，您有 {days} 天时间通过联系 @SpamBot 并按照指示操作来解决此问题。\n\n如果在 {days} 天内未解决，号码将从您的账户中删除。",
    "choose_payment_method": "🌐 请选择您偏好的支付方式：",
    "selected_payment_method": "✅ 您已选择 {method} 作为您的支付方式。",
    "enter_amount": "💰 输入您想添加的 **USDT** 金额（120秒内）：",
    "pay_amount": "💳 请将 **{amount} USDT** 支付到以下地址：\n\n`{address}`\n\n⚠️ 请确保发送准确金额以避免支付问题。\n\n支付后点击下方按钮",
    "transaction_id": "💳 请输入您的交易ID（120秒内）：",
    "tx_id_invalid": "❌ 无效的交易ID或交易记录不匹配。",
    "tx_id_already_used": "❌ 此交易ID已被使用。",
    "change_payment_method": "🔄 更改支付方式"
  }
}
